phase,latency_ms
nominal,6.001333939
nominal,6.003374932
nominal,6.000124849
nominal,6.000082940
nominal,6.000082940
nominal,6.000166992
nominal,6.000208901
nominal,6.000292022
nominal,6.000207970
nominal,6.000124849
nominal,6.000166060
nominal,6.007957971
nominal,6.000250112
nominal,6.000125082
nominal,6.000249879
nominal,6.000084104
nominal,6.000125082
nominal,6.000249879
nominal,6.000125082
nominal,6.042666035
nominal,6.000041962
nominal,6.000082940
nominal,6.000374909
nominal,6.000375142
nominal,6.000042195
nominal,6.000125082
nominal,6.000084104
nominal,6.000082940
nominal,6.000082940
nominal,6.000207970
nominal,6.000082940
nominal,6.000041030
nominal,6.000082940
nominal,6.000125082
nominal,6.000125082
nominal,6.000124849
nominal,6.000124849
nominal,6.000207970
nominal,6.000041962
nominal,6.000166060
nominal,6.000084104
nominal,6.000250112
nominal,6.000207970
nominal,6.007167045
nominal,6.000082940
nominal,6.000082940
nominal,6.000125082
nominal,6.000041962
nominal,6.000249879
nominal,6.000208901
nominal,6.000041030
nominal,6.000041962
nominal,6.000083871
nominal,6.000041030
nominal,6.000084104
nominal,6.002541864
nominal,6.004041992
nominal,6.000082940
nominal,6.000083871
nominal,6.000208901
nominal,6.000166992
nominal,6.000125082
nominal,6.000041962
nominal,6.000041962
nominal,6.000166992
nominal,6.000082940
nominal,6.000084104
nominal,6.000083871
nominal,6.000207970
nominal,6.000083871
nominal,6.000041962
nominal,6.002832903
nominal,6.000250112
nominal,6.000041962
nominal,6.000084104
nominal,6.000083871
nominal,6.000084104
nominal,6.000166992
nominal,6.000082940
nominal,6.000083173
nominal,6.000041962
nominal,6.000166992
nominal,6.015290972
nominal,6.000082940
nominal,6.000207970
nominal,6.000292022
nominal,6.000249879
nominal,6.000083871
nominal,6.000041962
nominal,6.000165828
nominal,6.000083173
nominal,6.000041030
nominal,6.000083871
nominal,6.000083173
nominal,6.000082940
nominal,6.000166992
nominal,6.000041962
nominal,6.000082940
nominal,6.000084104
nominal,6.000082940
nominal,6.000084104
nominal,6.000082940
nominal,6.000207970
nominal,6.000249879
nominal,6.000083173
nominal,6.000290858
nominal,6.000207970
nominal,6.000041962
nominal,6.000250112
nominal,6.000083871
nominal,6.000207970
nominal,6.000125082
nominal,6.000249879
nominal,6.000041962
nominal,6.000084104
nominal,6.000125082
nominal,6.000249879
nominal,6.000333000
nominal,6.000083871
nominal,6.000041030
nominal,6.000124849
nominal,6.000125082
nominal,6.000124849
nominal,6.000041962
nominal,6.000041962
nominal,6.000082940
nominal,6.000166992
nominal,6.000041030
nominal,6.000083871
nominal,6.000125082
nominal,6.000290858
nominal,6.000041962
nominal,6.000166992
nominal,6.000207970
nominal,6.000041030
nominal,6.000207970
nominal,6.000124849
nominal,6.013999926
nominal,6.000041962
nominal,6.000041962
nominal,6.000333000
nominal,6.000082940
nominal,6.000083173
nominal,6.000125082
nominal,6.000207970
nominal,6.000166992
nominal,6.000124849
nominal,6.000166060
nominal,6.000084104
nominal,6.003624992
nominal,6.000082940
nominal,6.000083173
nominal,6.000082940
nominal,6.000082940
nominal,6.000042195
nominal,6.000291090
nominal,6.000166992
nominal,6.000207970
nominal,6.000082940
nominal,6.000041962
nominal,6.000042195
nominal,6.000082940
nominal,6.000166992
nominal,6.000333000
nominal,6.000125082
nominal,6.000082940
nominal,6.000042195
nominal,6.000083871
nominal,6.000082940
nominal,6.000083173
nominal,6.000249879
nominal,6.000333000
nominal,6.000333931
nominal,6.000041030
nominal,6.000166992
nominal,6.000375142
nominal,6.000249879
nominal,6.000041030
nominal,6.007833173
nominal,6.000125082
nominal,6.000166992
nominal,6.000082940
nominal,6.000042195
nominal,6.000083871
nominal,6.000082940
nominal,6.000041030
nominal,6.000084104
nominal,6.000083173
nominal,6.000082940
nominal,6.000125082
nominal,6.000209134
nominal,6.000125082
nominal,6.000249879
nominal,6.000290858
nominal,6.000082940
nominal,6.000207970
nominal,6.000084104
nominal,6.000041030
nominal,6.000041962
nominal,6.000082940
nominal,6.000084104
nominal,6.000249879
nominal,6.000250112
nominal,6.000124849
nominal,6.004000083
nominal,6.000207970
nominal,6.004084134
nominal,6.000082940
nominal,6.000041962
nominal,6.000166992
nominal,6.000083871
nominal,6.001624977
nominal,6.000042195
nominal,6.000124849
nominal,6.000041962
nominal,6.000125082
nominal,6.002834067
nominal,6.000124849
nominal,6.000374909
nominal,6.000083871
nominal,6.000082940
nominal,6.007374963
nominal,6.000083871
nominal,6.000083173
nominal,6.000083173
nominal,6.000083173
nominal,6.000291789
nominal,6.000292022
nominal,6.000082940
nominal,6.000083173
nominal,6.000082940
nominal,6.000125082
nominal,6.000207970
nominal,6.010290934
nominal,6.000458030
nominal,6.000209134
nominal,6.048874930
nominal,6.000249879
nominal,6.000041030
nominal,6.000041030
nominal,6.000166060
nominal,6.006208947
nominal,6.000124849
nominal,6.000124849
nominal,6.000125082
nominal,6.000125082
nominal,6.000124849
nominal,6.000166992
nominal,6.000125082
nominal,6.000207970
nominal,6.000083173
nominal,6.000041962
nominal,6.000166992
nominal,6.004209165
nominal,6.000125082
nominal,6.000083173
nominal,6.000125082
nominal,6.000290858
nominal,6.000084104
nominal,6.000209134
nominal,6.000084104
nominal,6.000124849
nominal,6.000041962
nominal,6.000041030
nominal,6.008541910
nominal,6.000083173
nominal,6.000165828
nominal,6.000333000
nominal,6.000333000
nominal,6.000082940
nominal,6.000084104
nominal,6.000124849
nominal,6.000084104
nominal,6.000041030
nominal,6.000082940
nominal,6.000083871
nominal,6.000166992
nominal,6.000042195
nominal,6.000041962
nominal,6.000082940
nominal,6.000042195
nominal,6.000041030
nominal,6.000124849
nominal,6.000041030
nominal,6.000041962
nominal,6.000291090
nominal,6.000124849
nominal,6.000083173
nominal,6.000041962
nominal,6.000124849
nominal,6.000250112
nominal,6.000124849
nominal,6.000124849
nominal,6.000082940
nominal,6.000082940
nominal,6.000207970
nominal,6.000165828
nominal,6.000082940
nominal,6.000041030
nominal,6.000209134
nominal,6.000165828
nominal,6.007584045
nominal,6.000290858
nominal,6.000082940
nominal,6.002875045
nominal,6.000374909
nominal,6.000124849
nominal,6.000082940
nominal,6.000166992
nominal,6.000207970
nominal,6.000084104
nominal,6.000124849
nominal,6.000083173
nominal,6.000082940
nominal,6.000124849
nominal,6.000124849
nominal,6.000042195
nominal,6.000207970
nominal,6.000041962
nominal,6.000082940
nominal,6.000333931
nominal,6.003957940
nominal,6.000082940
nominal,6.000291090
nominal,6.000207970
nominal,6.000207970
nominal,6.000082940
nominal,6.000207970
nominal,6.000084104
nominal,6.000207970
nominal,6.000041962
nominal,6.000083871
nominal,6.000041030
nominal,6.000082940
nominal,6.002792157
nominal,6.000166992
nominal,6.000165828
nominal,6.000041030
nominal,6.000166992
nominal,6.000083871
nominal,6.000041030
nominal,6.000083871
nominal,6.000083871
nominal,6.000084104
nominal,6.000082940
nominal,6.000082940
nominal,6.000499940
nominal,6.000166992
nominal,6.000041030
nominal,6.000249879
nominal,6.000207970
nominal,6.000041962
nominal,6.003333023
nominal,6.000084104
nominal,6.000290858
nominal,6.000290858
nominal,6.000208901
nominal,6.000207970
nominal,6.000041030
nominal,6.000249879
nominal,6.000082940
nominal,6.000207970
nominal,6.007874850
nominal,6.000125082
nominal,6.000207970
nominal,6.000082940
nominal,6.000082940
nominal,6.000041962
nominal,6.000084104
nominal,6.000082940
nominal,6.000083173
nominal,6.000082940
nominal,6.000166992
nominal,6.000041030
nominal,6.000082940
nominal,6.000041962
nominal,6.000041030
nominal,6.000083871
nominal,6.000083173
nominal,6.000042195
nominal,6.000082940
nominal,6.000124849
nominal,6.000082940
nominal,6.000207970
nominal,6.000207970
nominal,6.000082940
nominal,6.000125082
nominal,6.000041030
nominal,6.000041030
nominal,6.000041962
nominal,6.000082940
nominal,6.000041962
nominal,6.000041962
nominal,6.000041962
nominal,6.000125082
nominal,6.000124849
nominal,6.000041030
nominal,6.000041962
nominal,6.000084104
nominal,6.000083871
nominal,6.015374791
nominal,6.000083871
nominal,6.000041962
nominal,6.000082940
nominal,6.000082940
nominal,6.000207970
nominal,6.000082940
nominal,6.000207970
nominal,6.000166060
nominal,6.000207970
nominal,6.000041962
nominal,6.000166992
nominal,6.000207970
nominal,6.000084104
nominal,6.000041962
nominal,6.000208901
nominal,6.000207970
nominal,6.000041962
nominal,6.000166060
nominal,6.000207970
nominal,6.000333000
nominal,6.000124849
nominal,6.000041962
nominal,6.000083871
nominal,6.000082940
nominal,6.000083871
nominal,6.008458091
nominal,6.000125082
nominal,6.001834059
nominal,6.000125082
nominal,6.000083173
nominal,6.000041962
nominal,6.000041962
nominal,6.000041962
nominal,6.012000144
nominal,6.000042195
nominal,6.000041962
nominal,6.000041962
nominal,6.000042195
nominal,6.000041030
nominal,6.001292029
nominal,6.000041962
nominal,6.000124849
nominal,6.000042195
nominal,6.000041030
nominal,6.000124849
nominal,6.000084104
nominal,6.000124849
nominal,6.000041030
nominal,6.000207970
nominal,6.000082940
nominal,6.000041030
nominal,6.000082940
nominal,7.619667100
nominal,6.202000193
nominal,6.000125082
nominal,6.000082940
nominal,8.745291969
nominal,39.411999984
nominal,10.039707879
nominal,6.000125082
nominal,6.205250043
nominal,6.000041030
nominal,6.000084104
nominal,6.000084104
nominal,6.026124815
nominal,6.000041962
nominal,6.000166992
nominal,6.000249879
nominal,6.000083173
nominal,6.000042195
nominal,6.000041962
nominal,6.000084104
nominal,6.000041962
nominal,6.000082940
nominal,6.000208901
nominal,6.000207970
nominal,6.005583098
nominal,6.003791001
nominal,6.000082940
nominal,6.000042195
nominal,6.000125082
nominal,6.000166060
nominal,6.000041030
nominal,6.000041962
nominal,6.000250112
nominal,6.000082940
nominal,6.000041962
nominal,6.000124849
nominal,6.000124849
nominal,6.000124849
nominal,6.000041962
nominal,6.000125082
nominal,6.000082940
nominal,6.000041962
nominal,6.000166992
nominal,6.000207970
nominal,6.000041962
nominal,6.000082940
nominal,6.000125082
nominal,6.000165828
nominal,6.000041030
nominal,6.000083871
nominal,6.000041962
nominal,6.000083871
nominal,6.000207970
nominal,6.000166992
nominal,6.000041962
nominal,6.000041030
nominal,6.000083871
nominal,6.038459018
nominal,6.000250112
nominal,6.002834067
nominal,6.000042195
nominal,6.000333000
nominal,6.000166992
nominal,6.000042195
nominal,6.000125082
nominal,6.000041962
nominal,6.000041962
nominal,6.000125082
nominal,6.000084104
nominal,6.000125082
nominal,6.000207970
nominal,6.000083871
nominal,6.000084104
nominal,6.000082940
nominal,6.000083871
nominal,6.000041962
nominal,6.000083173
nominal,6.006832933
nominal,6.000125082
nominal,6.000041030
nominal,6.000083871
nominal,6.000041030
nominal,6.000207970
nominal,6.000166992
nominal,6.000124849
nominal,6.000083173
nominal,6.000083871
nominal,6.000041030
nominal,6.000083173
nominal,6.000166992
nominal,6.000041962
nominal,6.000333931
nominal,6.000082940
nominal,6.000082940
nominal,6.000041962
nominal,6.000083173
nominal,6.051499862
nominal,6.024916889
nominal,6.000041962
nominal,6.002958864
nominal,6.000166992
nominal,6.012249971
nominal,6.000041030
nominal,6.000082940
nominal,6.000125082
nominal,6.011750083
nominal,6.000041030
nominal,6.000125082
nominal,6.000082940
nominal,6.000082940
nominal,6.000166060
nominal,6.000166992
nominal,6.000166060
nominal,6.000166992
nominal,6.017541047
nominal,6.000125082
nominal,6.000124849
nominal,6.000041962
nominal,6.000207970
nominal,6.000083173
nominal,6.000083871
nominal,6.000041962
nominal,6.000209134
nominal,6.000082940
nominal,6.003624992
nominal,6.000041030
nominal,6.000125082
nominal,6.000041962
nominal,6.000041962
nominal,6.000041962
nominal,6.000125082
nominal,6.000041962
nominal,6.000041030
nominal,6.000041962
nominal,6.000084104
nominal,6.000042195
nominal,6.000041030
nominal,6.000082940
nominal,6.000041962
nominal,6.000249879
nominal,6.000082940
nominal,6.000082940
nominal,6.000082940
nominal,6.000041962
nominal,6.000041962
nominal,6.000041030
nominal,6.000083871
nominal,6.000041030
nominal,6.000041962
nominal,6.000082940
nominal,6.008290919
nominal,6.000207970
nominal,6.000082940
nominal,6.000041030
nominal,6.000041962
nominal,6.000125082
nominal,6.000041030
nominal,6.000041962
nominal,6.000166060
nominal,6.000042195
nominal,6.000041962
nominal,6.002750015
nominal,6.000207970
nominal,6.000166992
nominal,6.000166060
nominal,6.000084104
nominal,6.000082940
nominal,6.000083173
nominal,6.000083173
nominal,6.000084104
nominal,6.018707994
nominal,6.000124849
nominal,6.000125082
nominal,6.000125082
nominal,6.000082940
nominal,6.000041962
nominal,6.000083173
nominal,6.000249879
nominal,6.002750015
nominal,6.000125082
nominal,6.005125120
nominal,6.000041030
nominal,6.000125082
nominal,6.000208901
nominal,6.000166992
nominal,6.000082940
nominal,6.000125082
nominal,6.000290858
nominal,6.000083173
nominal,6.000084104
nominal,6.000083871
nominal,6.000041962
nominal,6.000125082
nominal,6.000208901
nominal,6.000124849
nominal,6.000125082
nominal,6.000125082
nominal,6.000250112
nominal,6.010540994
nominal,6.000209134
nominal,6.000124849
nominal,6.000333931
nominal,6.000125082
nominal,6.000125082
nominal,6.000041962
nominal,6.000042195
nominal,6.000124849
nominal,6.000041962
nominal,6.000041962
nominal,6.000292022
nominal,6.000249879
nominal,6.000041030
nominal,6.000082940
nominal,6.013832986
nominal,6.000166992
nominal,6.000249879
nominal,6.000207970
nominal,6.000082940
nominal,6.000124849
nominal,6.000166992
nominal,6.000165828
nominal,6.004290888
nominal,6.015500054
nominal,6.000166992
nominal,6.000208901
nominal,6.000166992
nominal,6.000124849
nominal,6.000125082
nominal,6.000166992
nominal,6.000082940
nominal,6.000374909
nominal,6.000083871
nominal,6.000082940
nominal,6.000165828
nominal,6.000082940
nominal,6.000041962
nominal,6.000083173
nominal,6.000042195
nominal,6.000166992
nominal,6.000041962
nominal,6.000082940
nominal,6.000333000
nominal,6.000082940
nominal,6.000083871
nominal,6.010750076
nominal,6.000165828
nominal,6.000041962
nominal,6.000166992
nominal,6.000082940
nominal,6.000333000
nominal,6.000125082
nominal,6.000041962
nominal,6.000166060
nominal,6.000166992
nominal,6.000082940
nominal,6.004666910
nominal,6.000083871
nominal,6.000290858
nominal,6.000042195
nominal,6.000082940
nominal,6.000166992
nominal,6.008375203
nominal,6.000375142
nominal,6.000333931
nominal,6.000084104
nominal,6.000083871
nominal,6.000041962
nominal,6.000084104
nominal,6.000166992
nominal,6.002875045
nominal,6.000042195
nominal,6.000041962
nominal,6.000041962
nominal,6.000292022
nominal,6.000624970
nominal,6.000082940
nominal,6.000082940
nominal,6.005875068
nominal,6.000166992
nominal,6.017958047
nominal,6.000082940
nominal,6.000166992
nominal,6.000166992
nominal,6.000084104
nominal,6.000207970
nominal,6.000166060
nominal,6.000124849
nominal,6.003708811
nominal,6.000083173
nominal,6.000041962
nominal,6.000082940
nominal,6.000041030
nominal,6.000124849
nominal,6.007832941
nominal,6.000333000
nominal,6.000166992
nominal,6.000166992
nominal,6.000041030
nominal,6.000082940
nominal,6.000041030
nominal,6.000166992
nominal,6.000041962
nominal,6.000083871
nominal,6.000208901
nominal,6.000083871
nominal,6.007249933
nominal,6.000083871
nominal,6.000124849
nominal,6.000208203
nominal,6.000082940
nominal,6.000083871
nominal,6.000125082
nominal,6.000082940
nominal,6.000083173
nominal,6.035583094
nominal,6.000249879
nominal,6.000125082
nominal,6.000083173
nominal,6.000333931
nominal,6.000041030
nominal,6.000250112
nominal,6.000125082
nominal,6.000249879
nominal,6.000084104
nominal,6.000166992
nominal,6.000041962
nominal,6.000166060
nominal,6.000125082
nominal,6.000041962
nominal,6.000166992
nominal,6.000125082
nominal,6.000082940
nominal,6.000125082
nominal,6.000083173
nominal,6.000083871
nominal,6.000125082
nominal,6.000124849
nominal,6.000041962
nominal,6.000250112
nominal,6.000124849
nominal,6.000082940
nominal,6.000207970
nominal,6.000084104
nominal,6.000124849
nominal,6.000083173
nominal,6.000125082
nominal,6.000209134
nominal,6.010875106
nominal,6.000084104
nominal,6.000124849
nominal,6.000082940
nominal,6.000082940
nominal,6.000250112
nominal,6.000249879
nominal,6.000083871
nominal,6.000082940
nominal,6.000124849
nominal,6.000166992
nominal,6.000166992
nominal,6.000084104
nominal,6.000166992
nominal,6.000041962
nominal,6.000124849
nominal,6.000082940
nominal,6.052874960
nominal,6.000084104
nominal,6.000042195
nominal,8.343124995
nominal,16.955666943
nominal,8.587707998
nominal,6.538792048
nominal,6.014541024
nominal,6.037041778
nominal,6.003124872
nominal,6.000125082
nominal,6.000041962
nominal,6.000041030
nominal,6.000041030
nominal,6.000083871
nominal,6.000165828
nominal,6.000082940
nominal,6.000082940
nominal,6.000125082
nominal,6.003499962
nominal,6.000042195
nominal,6.000166992
nominal,6.000166992
nominal,6.000124849
nominal,6.000041962
nominal,6.000124849
nominal,6.000125082
nominal,6.000166060
nominal,6.000082940
nominal,6.000041962
nominal,6.000041962
nominal,6.000125082
nominal,6.000041030
nominal,6.000084104
nominal,6.000041030
nominal,6.000041962
nominal,6.000125082
nominal,6.000083871
nominal,6.000042195
nominal,6.000125082
nominal,6.000166992
nominal,6.000082940
nominal,6.000041030
nominal,6.000084104
nominal,6.000207970
nominal,6.000292022
nominal,6.000124849
nominal,6.000082940
nominal,6.000333931
nominal,6.000207970
nominal,6.000041030
nominal,6.000041030
nominal,6.000041030
nominal,6.000041030
nominal,6.000041030
nominal,6.000167225
nominal,6.000041962
nominal,6.000041030
nominal,6.000166060
nominal,6.000083173
nominal,6.000082940
nominal,6.000124849
nominal,6.000124849
nominal,6.000082940
nominal,6.000124849
nominal,6.000125082
nominal,6.000083871
nominal,6.000084104
nominal,6.000041962
nominal,6.000124849
nominal,6.000124849
nominal,6.000207970
nominal,6.000041030
nominal,6.000083173
nominal,6.000125082
nominal,6.000083173
nominal,6.000082940
nominal,6.000249879
nominal,6.000082940
nominal,6.000124849
nominal,6.000124849
nominal,6.000082940
nominal,6.004374940
stress,10.000082897
stress,10.000082897
stress,10.000084061
stress,10.000083828
stress,10.000041919
stress,10.000084061
stress,10.000082897
stress,10.000041919
stress,10.000083130
stress,10.000125039
stress,10.000083828
stress,10.000042152
stress,10.000166018
stress,10.000041919
stress,10.000082897
stress,10.000041919
stress,10.000041919
stress,10.000041919
stress,10.000166018
stress,10.000041919
stress,10.000041919
stress,10.000083130
stress,10.000084061
stress,10.000040988
stress,10.000084061
stress,10.000083130
stress,10.000040988
stress,10.000125039
stress,10.000041919
stress,10.000083130
stress,10.013750056
stress,10.000082897
stress,10.000082897
stress,10.000125039
stress,10.000040988
stress,10.000084061
stress,10.000084061
stress,10.000040988
stress,10.000082897
stress,13.083208119
stress,10.000082897
stress,10.000125039
stress,28.348708991
stress,19.403666025
stress,13.831584016
stress,10.005875025
stress,10.028874967
stress,10.000125039
stress,10.015750071
stress,10.000041919
stress,10.000125039
stress,10.000041919
stress,10.000124807
stress,10.000083130
stress,10.008292040
stress,10.000124807
stress,10.016582906
stress,15.248417156
stress,10.000125039
stress,10.000125039
stress,10.000040988
stress,10.000040988
stress,10.000084061
stress,10.000084061
stress,10.000082897
stress,10.000125039
stress,10.000040988
stress,10.000166018
stress,10.000082897
stress,10.000040988
stress,10.000125039
stress,10.017624823
stress,10.000083130
stress,10.000042152
stress,10.000041919
stress,10.000082897
stress,10.000083130
stress,10.000083130
stress,10.000082897
stress,10.000082897
stress,10.000082897
stress,10.000082897
stress,10.000125039
stress,10.000042152
stress,10.000125039
stress,10.000084061
stress,10.000082897
stress,10.000041919
stress,10.000084061
stress,10.000042152
stress,10.000082897
stress,10.000083130
stress,10.000124807
stress,10.000082897
stress,10.000082897
stress,10.000082897
stress,10.000082897
stress,10.000040988
stress,10.000082897
stress,10.000124807
stress,10.000082897
stress,10.000083130
stress,10.000082897
stress,10.000084061
stress,10.000041919
stress,10.000084061
stress,10.000042152
stress,10.000041919
stress,10.004916927
stress,10.000040988
stress,10.000124807
stress,10.000041919
stress,10.000083828
stress,10.000042152
stress,10.000291979
stress,10.000125039
stress,10.000040988
stress,10.000125039
stress,10.000083130
stress,10.000084061
stress,10.000042152
stress,10.000083130
stress,10.000082897
stress,10.000040988
stress,10.000040988
stress,10.000083130
stress,10.000041919
stress,10.000041919
stress,10.000166949
stress,10.000083828
stress,10.000083130
stress,10.000041919
stress,10.000084061
stress,10.000166949
stress,10.000042152
stress,10.004624957
stress,10.000082897
stress,10.000332957
stress,10.000083130
stress,10.000083130
stress,10.000084061
stress,10.000042152
stress,10.000082897
stress,10.000124807
stress,10.000291979
stress,10.000084061
stress,10.000084061
stress,31.460082857
stress,10.000083130
stress,10.850667022
stress,10.000125039
stress,10.000082897
stress,10.000040988
stress,10.000125039
stress,10.000082897
stress,10.000125039
stress,10.000207927
stress,10.000083130
stress,10.000084061
stress,10.000167182
stress,10.000125039
stress,10.000042152
stress,10.000124807
stress,10.000040988
stress,10.000083130
stress,10.000166018
stress,10.000083130
stress,10.000082897
stress,10.000041919
stress,10.000082897
stress,10.000749957
stress,10.000040988
stress,10.000084061
stress,10.000166949
stress,10.000125039
stress,10.000042152
stress,10.000083828
stress,10.000084061
stress,10.000042152
stress,10.000041919
stress,10.000041919
stress,10.000125039
stress,10.000083130
stress,10.000042152
stress,10.001166025
stress,10.000041919
stress,10.000042152
stress,10.000082897
stress,10.000082897
stress,10.000041919
stress,10.000083130
stress,10.000083130
stress,10.000040988
stress,10.000082897
stress,10.000040988
stress,10.000083130
stress,10.000082897
stress,10.000124807
stress,10.000041919
stress,10.000084061
stress,10.000084061
stress,10.000083130
stress,10.000083130
stress,10.000209091
stress,10.017374996
stress,10.000041919
stress,10.000082897
stress,10.000041919
stress,10.000084061
stress,10.000082897
stress,10.000041919
stress,10.000084061
stress,10.000166949
stress,10.000041919
stress,10.000041919
stress,10.000207927
stress,10.000125039
stress,10.000041919
stress,10.000040988
stress,10.000040988
stress,10.000083130
stress,10.000125039
stress,10.000082897
stress,10.000083130
stress,10.000084061
stress,10.000042152
stress,10.000084061
stress,10.000083130
stress,10.000041919
stress,10.000125039
stress,10.000082897
stress,10.000083130
stress,10.000084061
stress,10.000041919
stress,10.000207927
stress,10.000083130
stress,10.000874987
stress,10.000084061
stress,10.000041919
stress,10.000082897
stress,10.000083130
stress,10.000083130
stress,10.000125039
stress,10.018792003
stress,10.000125039
stress,10.000082897
stress,10.000041919
stress,10.000124807
stress,10.000040988
stress,10.000083130
stress,10.000125039
stress,10.000041919
stress,10.001457995
stress,10.003915988
stress,10.000040988
stress,10.005208198
stress,10.000082897
stress,10.000041919
stress,10.000084061
stress,10.000083130
stress,10.000166949
stress,10.000042152
stress,10.003165808
stress,10.000042152
stress,10.000125039
stress,10.000082897
stress,10.000083130
stress,10.000124807
stress,10.000083130
stress,10.000041919
stress,10.000041919
stress,10.000084061
stress,10.000083130
stress,10.000082897
stress,10.000082897
stress,10.000083130
stress,10.000083130
stress,10.000042152
stress,10.000082897
stress,10.000124807
stress,10.000125039
stress,10.000166949
stress,10.017875116
stress,10.000124807
stress,10.000082897
stress,10.000166018
stress,10.000084061
stress,10.000083828
stress,10.000082897
stress,10.000042152
stress,10.000041919
stress,10.000082897
stress,10.000084061
stress,10.000084061
stress,10.000083130
stress,10.000084061
stress,10.000084061
stress,10.000542039
stress,10.000040988
stress,10.000041919
stress,10.000082897
stress,10.000082897
stress,10.000083130
stress,10.000084061
stress,10.000084061
stress,10.000042152
stress,10.000124807
stress,10.000082897
stress,10.000166018
stress,10.000082897
stress,10.000042152
stress,10.000040988
stress,10.000040988
stress,10.000083130
stress,10.000083130
stress,10.000041919
stress,10.001208168
stress,10.000166949
stress,10.000041919
stress,10.000083828
stress,10.000082897
stress,10.000083130
stress,10.000084061
stress,10.000082897
stress,10.000083130
stress,10.000040988
stress,10.000124807
stress,10.000040988
stress,10.000041919
stress,10.000083130
stress,10.000041919
stress,10.000082897
stress,10.000084061
stress,10.000167182
stress,10.000207927
stress,10.000124807
stress,10.000082897
stress,10.000167182
stress,10.000166018
stress,10.000082897
stress,10.000083828
stress,10.000083130
stress,10.000084061
stress,10.000040988
stress,10.000166949
stress,10.000083828
stress,10.000082897
stress,10.000040988
stress,10.000083130
stress,10.000042152
stress,10.000042152
stress,10.000042152
stress,10.000041919
stress,10.000083130
stress,10.000207927
stress,10.000125039
stress,10.000041919
stress,10.000083130
stress,10.000124807
stress,10.002917144
stress,10.000042152
stress,10.000082897
stress,10.000040988
stress,10.000041220
stress,10.000084061
stress,10.000084061
stress,10.000040988
stress,10.000041919
stress,10.000082897
stress,10.000083130
stress,10.000082897
stress,10.000208160
stress,10.000083828
stress,10.000084061
stress,10.000084061
stress,10.000042152
stress,10.000042152
stress,10.000083828
stress,10.000084061
stress,10.000083130
stress,10.000041919
stress,10.000084061
stress,10.000083130
stress,10.000082897
stress,10.000083130
stress,10.000084061
stress,10.000083130
stress,10.000083130
stress,10.000124807
stress,10.000041919
stress,10.000082897
stress,10.000125039
stress,10.000084061
stress,10.000042152
stress,10.000125039
stress,10.000084061
stress,10.000208160
stress,10.000083130
stress,10.000084061
stress,10.000082897
stress,10.000041919
stress,10.000083130
stress,10.000082897
stress,10.000042152
stress,10.000082897
stress,10.000041919
stress,10.000041220
stress,10.000083130
stress,10.000082897
stress,10.000040988
stress,10.000083130
stress,10.000083130
stress,10.000166018
stress,10.000082897
stress,10.000082897
stress,10.000209091
stress,10.000083130
stress,10.000041919
stress,10.000041919
stress,10.000084061
stress,10.000082897
stress,10.000041919
stress,10.000083130
stress,10.000040988
stress,10.000083130
stress,10.000084061
stress,10.000124807
stress,10.000040988
stress,10.000041919
stress,10.000041919
stress,10.000083828
stress,10.000040988
stress,10.000084061
stress,10.000083130
stress,10.000083828
stress,10.000082897
stress,10.000083130
stress,10.000041919
stress,10.000041919
stress,10.000041919
stress,10.000040988
stress,10.000166949
stress,10.000083130
stress,10.000041919
stress,10.000166949
stress,10.000166949
stress,10.000125039
stress,10.000082897
stress,10.000082897
stress,10.000125039
stress,10.000041919
stress,10.002791882
stress,10.000125039
stress,10.000375099
stress,10.000042152
stress,10.000083130
stress,10.000082897
stress,10.000082897
stress,10.000084061
stress,10.000082897
stress,10.000083828
stress,10.000084061
stress,10.000166018
stress,10.000082897
stress,10.000040988
stress,10.000084061
stress,10.000083828
stress,10.000041919
stress,10.000041919
stress,10.000166949
stress,10.000082897
stress,10.000083130
stress,10.000083130
stress,10.000125039
stress,10.000125039
stress,10.015750071
stress,10.000082897
stress,10.000125039
stress,10.000083130
stress,10.000125039
stress,10.000125039
stress,10.000042152
stress,10.000041919
stress,10.000082897
stress,10.000082897
stress,10.000041919
stress,10.000083130
stress,10.000125039
stress,10.000084061
stress,10.000082897
stress,10.000040988
stress,10.000040988
stress,10.000082897
stress,10.000083828
stress,10.000084061
stress,10.000084061
stress,10.000084061
stress,10.000082897
stress,10.000083130
stress,10.000040988
stress,10.000083828
stress,10.000084061
stress,10.000042152
stress,10.000125039
stress,10.000083130
stress,10.000082897
stress,10.000042152
stress,10.000082897
stress,10.000082897
stress,10.000040988
stress,10.000040988
stress,10.000084061
stress,10.000084061
stress,10.000040988
stress,10.000041919
stress,10.000084061
stress,10.000084061
stress,10.000042152
stress,10.000040988
stress,10.000166949
stress,10.000084061
stress,10.000041919
stress,10.000083130
stress,10.000084061
stress,10.000083130
stress,10.000167182
stress,10.000040988
stress,10.000082897
stress,10.000041919
stress,10.000042152
stress,10.000082897
stress,10.000083130
stress,10.000040988
stress,10.000082897
stress,10.000249837
stress,10.000125039
stress,10.000041919
stress,10.000040988
stress,10.000084061
stress,10.000084061
stress,10.000082897
stress,10.000083130
stress,10.000082897
stress,10.000084061
stress,10.000041919
stress,10.000083130
stress,10.000083828
stress,10.000041919
stress,10.000249837
stress,10.000124807
stress,10.000083130
stress,10.000083828
stress,10.000084061
stress,10.000041919
stress,10.000082897
stress,10.000083828
stress,10.000082897
stress,10.000082897
stress,10.000040988
stress,10.000041919
stress,10.000084061
stress,10.000041919
stress,10.000041919
stress,10.000040988
stress,10.000083130
stress,10.000082897
stress,10.000083130
stress,10.000041919
stress,10.000084061
stress,10.000082897
stress,10.000083130
stress,10.000040988
stress,10.000124807
stress,10.000082897
stress,10.000084061
stress,10.000084061
stress,10.000125039
stress,10.000082897
stress,10.000166018
stress,10.000167182
stress,10.000082897
stress,10.000083130
stress,10.000082897
stress,10.000042152
stress,10.000041919
stress,10.002875002
stress,10.000082897
stress,10.000083130
stress,10.000082897
stress,10.000082897
stress,10.000084061
stress,10.000084061
stress,10.000083828
stress,10.000041919
stress,10.000084061
stress,10.000166949
stress,10.000042152
stress,10.000042152
stress,10.000040988
stress,10.000082897
stress,10.000041919
stress,10.000083130
stress,10.000041919
stress,10.000040988
stress,10.000084061
stress,10.000083130
stress,10.000084061
stress,10.000082897
stress,10.001874994
stress,10.000083130
stress,10.000166949
stress,10.000083130
stress,10.000041919
stress,10.000083130
stress,10.002875002
stress,10.000041919
stress,10.000040988
stress,10.000207927
stress,10.000041919
stress,10.000083828
stress,10.000208160
stress,10.000082897
stress,10.000082897
stress,10.000040988
stress,10.000166949
stress,10.000040988
stress,10.000082897
stress,10.000084061
stress,10.000041919
stress,10.000040988
stress,10.000082897
stress,10.000040988
stress,10.000042152
stress,10.000084061
stress,10.000082897
stress,10.000082897
stress,10.000041919
stress,10.000042152
stress,10.003084084
stress,10.000084061
stress,10.000083130
stress,10.000082897
stress,10.000166018
stress,10.000083130
stress,10.000084061
stress,10.000083130
stress,10.000041919
stress,10.000042152
stress,10.000082897
stress,10.000082897
stress,10.000084061
stress,10.000041220
stress,10.000083130
stress,10.000040988
stress,10.000084061
stress,10.000083130
stress,10.000040988
stress,10.000082897
stress,10.000125039
stress,10.000082897
stress,10.000083130
stress,10.000042152
stress,10.000084061
stress,10.000125039
stress,10.000082897
stress,10.000083130
stress,10.000041919
stress,10.000041919
stress,10.000042152
stress,10.000040988
stress,10.000082897
stress,10.000041919
stress,10.000084061
stress,10.000166018
stress,10.000042152
stress,10.000083828
stress,10.000125039
stress,10.000167182
stress,10.000082897
stress,10.000084061
stress,10.000083828
stress,10.000082897
stress,10.000125039
stress,10.000167182
stress,10.000082897
stress,10.000167182
stress,10.000042152
stress,10.000083130
stress,10.000083828
stress,10.000083130
stress,10.000082897
stress,10.000082897
stress,10.000082897
stress,10.000125039
stress,10.000084061
stress,10.000084061
stress,10.026624892
stress,10.000041919
stress,10.000084061
stress,10.000042152
stress,10.000125039
stress,10.000083828
stress,10.000041919
stress,10.000082897
stress,10.000041919
stress,10.000082897
stress,10.000084061
stress,10.000042152
stress,10.000041919
stress,10.000083130
stress,10.000083828
stress,10.000040988
stress,10.000041919
stress,10.000083130
stress,10.000125039
stress,10.000082897
stress,10.000084061
stress,10.000207927
stress,10.000040988
stress,10.000042152
stress,10.000083828
stress,10.000124807
stress,10.001333896
stress,10.000082897
stress,10.004041949
stress,10.000040988
stress,10.000083130
stress,10.000040988
stress,10.000040988
stress,10.000082897
stress,10.000083130
stress,10.000082897
stress,10.000040988
stress,10.000082897
stress,10.000083130
stress,10.000166949
stress,10.000040988
stress,10.000084061
stress,10.000084061
stress,10.000042152
stress,10.000082897
stress,10.000084061
stress,10.000042152
stress,10.000041919
stress,10.000166949
stress,10.000083130
stress,10.000082897
stress,10.000166949
stress,10.000041919
stress,10.000083130
stress,10.000042152
stress,10.000084061
stress,10.000082897
stress,10.000082897
stress,10.000041919
stress,10.000083828
stress,10.000040988
stress,10.000083130
stress,10.000041919
stress,10.000040988
stress,10.000041919
stress,10.000084061
stress,10.006665951
stress,10.000125039
stress,10.000041919
stress,10.000084061
stress,10.000124807
stress,10.000042152
stress,10.000082897
stress,10.000082897
stress,10.000041919
stress,10.000083828
stress,10.000084061
stress,10.000083130
stress,10.000084061
stress,10.000041919
stress,10.000084061
stress,10.000083130
stress,10.000124807
stress,10.000084061
stress,10.000082897
stress,10.000125039
stress,10.000125039
stress,10.000082897
stress,10.000042152
stress,10.000084061
stress,10.000167182
stress,10.000082897
stress,10.000040988
stress,10.000042152
stress,10.000084061
stress,10.000082897
stress,10.000040988
stress,10.000084061
stress,10.000084061
stress,10.000083130
stress,10.000083130
stress,10.000084061
stress,10.000125039
stress,10.000082897
stress,10.000042152
stress,10.000083130
stress,10.000084061
stress,10.000083130
stress,10.000208858
stress,10.000083130
stress,10.000125039
stress,10.000040988
stress,10.000084061
stress,10.001874994
stress,10.000207927
stress,10.000041919
stress,10.000042152
stress,10.000082897
stress,10.000082897
stress,10.000041919
stress,10.000166018
stress,10.000083828
stress,10.000042152
stress,10.000041919
stress,10.000042152
stress,10.000084061
stress,10.000083130
stress,10.000124807
stress,10.000042152
stress,10.000041220
stress,10.000040988
stress,10.000082897
stress,10.000040988
stress,10.000124807
stress,10.002792114
stress,10.000083130
stress,10.000083130
stress,10.000207927
stress,10.000083828
stress,10.000041919
stress,10.000083130
stress,10.000166949
stress,10.000124807
stress,10.000082897
stress,10.000041919
stress,10.000166018
stress,10.000166018
stress,10.000040988
stress,10.000166018
stress,10.000082897
stress,10.000124807
stress,10.000124807
stress,10.000041919
stress,10.000041919
stress,10.000082897
stress,10.000084061
stress,10.000083828
stress,10.000040988
stress,10.000040988
stress,10.000084061
stress,10.000041919
stress,10.000125039
stress,10.000207927
stress,10.006583994
stress,10.000042152
stress,10.000166949
stress,10.000084061
stress,10.000041919
stress,10.000166018
stress,10.000084061
stress,10.000042152
stress,10.000042152
stress,10.000042152
stress,10.000082897
stress,10.000041919
stress,10.000083828
stress,10.000084061
stress,10.000082897
stress,10.000083130
stress,10.000040988
stress,10.000042152
stress,10.000083130
stress,10.000040988
stress,10.000040988
stress,10.000124807
stress,10.000084061
stress,10.000084061
stress,10.000124807
stress,10.000084061
stress,10.000041919
stress,10.000040988
stress,10.000083130
stress,10.000042152
stress,10.000082897
stress,10.000040988
stress,10.000083130
stress,10.000042152
stress,10.000084061
stress,10.010375176
stress,10.000083130
stress,10.000041919
stress,10.000040988
stress,10.000083130
stress,10.000084061
recovery,6.000084104
recovery,6.000125082
recovery,6.000041962
recovery,6.000082940
recovery,6.000082940
recovery,6.000082940
recovery,6.000082940
recovery,6.000125082
recovery,6.000125082
recovery,6.000166992
recovery,6.000125082
recovery,6.000084104
recovery,6.000166992
recovery,6.000125082
recovery,6.000166992
recovery,6.000166992
recovery,6.000292022
recovery,6.000208901
recovery,6.000166992
recovery,6.000208203
recovery,6.000125082
recovery,6.000082940
recovery,6.000125082
recovery,6.010333076
recovery,6.000249879
recovery,6.000124849
recovery,6.000125082
recovery,6.000125082
recovery,6.000333931
recovery,6.000333000
recovery,6.000124849
recovery,6.000042195
recovery,6.000166992
recovery,6.000166060
recovery,6.000125082
recovery,6.000166060
recovery,6.000125082
recovery,6.000124849
recovery,6.000124849
recovery,6.000124849
recovery,6.000292022
recovery,6.000125082
recovery,6.000125082
recovery,6.000166992
recovery,6.000125082
recovery,6.000125082
recovery,6.000125082
recovery,6.000166060
recovery,6.000166992
recovery,6.000083173
recovery,6.000207970
recovery,6.000250112
recovery,6.000207970
recovery,6.000250112
recovery,6.000084104
recovery,6.000166992
recovery,6.000083173
recovery,6.000041962
recovery,6.000207970
recovery,6.000207970
recovery,6.000166992
recovery,6.000291090
recovery,6.000166992
recovery,6.000208901
recovery,6.000125082
recovery,6.000124849
recovery,6.000166992
recovery,6.000166992
recovery,6.000083173
recovery,6.000125082
recovery,6.000207970
recovery,6.000124849
recovery,6.000166060
recovery,6.000207970
recovery,6.000083173
recovery,6.000166992
recovery,6.000207970
recovery,6.000166060
recovery,6.000084104
recovery,6.000249879
recovery,6.000166992
recovery,6.000207970
recovery,6.000125082
recovery,6.000333000
recovery,6.000292022
recovery,6.000041962
recovery,6.000166992
recovery,6.000125082
recovery,6.000209134
recovery,6.000125082
recovery,6.000166992
recovery,6.000166992
recovery,6.000249879
recovery,6.000292022
recovery,6.000166992
recovery,6.000166992
recovery,6.000207970
recovery,6.000166992
recovery,6.000374909
recovery,6.000125082
recovery,6.000166992
recovery,6.000125082
recovery,6.000125082
recovery,6.000166992
recovery,6.000125082
recovery,6.000166992
recovery,6.000125082
recovery,6.000125082
recovery,6.000125082
recovery,6.000082940
recovery,6.000125082
recovery,6.000250112
recovery,6.000166060
recovery,6.000291789
recovery,6.000292022
recovery,6.000041030
recovery,6.000082940
recovery,6.000250112
recovery,6.000125082
recovery,6.000375142
recovery,6.000166992
recovery,6.000207970
recovery,6.000166060
recovery,6.000166992
recovery,6.000125082
recovery,6.000124849
recovery,6.000125082
recovery,6.000125082
recovery,6.000125082
recovery,6.000207970
recovery,6.000207970
recovery,6.000166992
recovery,6.000125082
recovery,6.000125082
recovery,6.000209134
recovery,6.000166060
recovery,6.000124849
recovery,6.000084104
recovery,6.000207970
recovery,6.000166060
recovery,6.000250112
recovery,6.000166992
recovery,6.000250112
recovery,6.000249879
recovery,6.000207970
recovery,6.000166992
recovery,6.000250112
recovery,6.000082940
recovery,6.000250112
recovery,6.000125082
recovery,6.000166060
recovery,6.000207970
recovery,6.000041030
recovery,6.000166992
recovery,6.000082940
recovery,6.000375142
recovery,6.000292022
recovery,6.000333931
recovery,6.000166992
recovery,6.000207970
recovery,6.000249879
recovery,6.000166992
recovery,6.000166992
recovery,6.000207970
recovery,6.000209134
recovery,6.000125082
recovery,6.000166992
recovery,6.000333000
recovery,6.000166992
recovery,6.000291090
recovery,6.000166992
recovery,6.000165828
recovery,6.000166992
recovery,6.000291090
recovery,6.000167225
recovery,6.000292022
recovery,6.000041030
recovery,6.000166060
recovery,6.000165828
recovery,6.000166992
recovery,6.000291090
recovery,6.000124849
recovery,6.000082940
recovery,6.000124849
recovery,6.000082940
recovery,6.000124849
recovery,6.000125082
recovery,6.000209134
recovery,6.000125082
recovery,6.000166992
recovery,6.000250112
recovery,6.000166992
recovery,6.000166992
recovery,6.000374909
recovery,6.000124849
recovery,6.000166992
recovery,6.000125082
recovery,6.000166060
recovery,6.000207970
recovery,6.000083173
recovery,6.000166992
recovery,6.000250112
recovery,6.000124849
recovery,6.000290858
recovery,6.000875030
recovery,6.000207970
recovery,6.000082940
recovery,6.000125082
recovery,6.000041030
recovery,6.000166992
recovery,6.000166992
recovery,6.000207970
recovery,6.000250112
recovery,6.000166992
recovery,6.000041962
recovery,6.000416819
recovery,6.000082940
recovery,6.000082940
recovery,6.000250112
recovery,6.000333000
recovery,6.000124849
recovery,6.000125082
recovery,6.000166992
recovery,6.000083173
recovery,6.000125082
recovery,6.000125082
recovery,6.000125082
recovery,6.000208203
recovery,6.000250112
recovery,6.000166992
recovery,6.000083173
recovery,6.000125082
recovery,6.000125082
recovery,6.000165828
recovery,6.000124849
recovery,6.000084104
recovery,6.000125082
recovery,6.000125082
recovery,6.000125082
recovery,6.000124849
recovery,6.000041962
recovery,6.000333000
recovery,6.000166992
recovery,6.000084104
recovery,6.000082940
recovery,6.000166060
recovery,6.000125082
recovery,6.000125082
recovery,6.000374909
recovery,6.000250112
recovery,6.000125082
recovery,6.000125082
recovery,6.000125082
recovery,6.000166992
recovery,6.000082940
recovery,6.000166992
recovery,6.000165828
recovery,6.000125082
recovery,6.000083173
recovery,6.000207970
recovery,6.000208901
recovery,6.000083871
recovery,6.000207970
recovery,6.000209134
recovery,6.000207970
recovery,6.000291090
recovery,6.000125082
recovery,6.000125082
recovery,6.000207970
recovery,6.000124849
recovery,6.000166992
recovery,6.000082940
recovery,6.000417052
recovery,6.000207970
recovery,6.000209134
recovery,6.000209134
recovery,6.000167225
recovery,6.000166992
recovery,6.000166992
recovery,6.000208901
recovery,6.000166060
recovery,6.000125082
recovery,6.000165828
recovery,6.000125082
recovery,6.000165828
recovery,6.000166992
recovery,6.000124849
recovery,6.000165828
recovery,6.000125082
recovery,6.000125082
recovery,6.000250112
recovery,6.000166992
recovery,6.000125082
recovery,6.000249879
recovery,6.000207970
recovery,6.000249879
recovery,6.000083871
recovery,6.000124849
recovery,6.000125082
recovery,6.000041030
recovery,6.000207970
recovery,6.000166060
recovery,6.000125082
recovery,6.000166060
recovery,6.000207970
recovery,6.000166992
recovery,6.000166992
recovery,6.000165828
recovery,6.000166992
recovery,6.000166992
recovery,6.000166992
recovery,6.000209134
recovery,6.000165828
recovery,6.000166992
recovery,6.000207970
recovery,6.000082940
recovery,6.000166992
recovery,6.000207970
recovery,6.000166060
recovery,6.000207970
recovery,6.000541849
recovery,6.000083173
recovery,6.000207970
recovery,6.000375142
recovery,6.000166992
recovery,6.000041030
recovery,6.000124849
recovery,6.000167225
recovery,6.000082940
recovery,6.000166992
recovery,6.000082940
recovery,6.000125082
recovery,6.000165828
recovery,6.000125082
recovery,6.000250112
recovery,6.000125082
recovery,6.000166992
recovery,6.000333000
recovery,6.000125082
recovery,6.000207970
recovery,6.000207970
recovery,6.000084104
recovery,6.000166992
recovery,6.009125151
recovery,6.000290858
recovery,6.000125082
recovery,6.000207970
recovery,6.000124849
recovery,6.000207970
recovery,6.000166992
recovery,6.000292022
recovery,6.000124849
recovery,6.000124849
recovery,6.000290858
recovery,6.000209134
recovery,6.000292022
recovery,6.000125082
recovery,6.000166992
recovery,6.000166060
recovery,6.000249879
recovery,6.000333000
recovery,6.000165828
recovery,6.000166992
recovery,6.000207970
recovery,6.000125082
recovery,6.000249879
recovery,6.000125082
recovery,6.000166060
recovery,6.000583060
recovery,6.000125082
recovery,6.000125082
recovery,6.000124849
recovery,6.000207970
recovery,6.000249879
recovery,6.000166992
recovery,6.000166992
recovery,6.000166992
recovery,6.000083173
recovery,6.000125082
recovery,6.000249879
recovery,6.000209134
recovery,6.000125082
recovery,6.000166992
recovery,6.000292022
recovery,6.000082940
recovery,6.000041962
recovery,6.000124849
recovery,6.000084104
recovery,6.000250112
recovery,6.000041030
recovery,6.000125082
recovery,6.000166992
recovery,6.000125082
recovery,6.000374909
recovery,6.000166992
recovery,6.000125082
recovery,6.000207970
recovery,6.000209134
recovery,6.000125082
recovery,6.000125082
recovery,6.000082940
recovery,6.000166992
recovery,6.000125082
recovery,6.000166992
recovery,6.000125082
recovery,6.000082940
recovery,6.000125082
recovery,6.000166060
recovery,6.000083173
recovery,6.000333000
recovery,6.000208203
recovery,6.000166992
recovery,6.000125082
recovery,6.000250112
recovery,6.000250112
recovery,6.002834067
recovery,6.000166060
recovery,6.000249879
recovery,6.000125082
recovery,6.000125082
recovery,6.000292022
recovery,6.000166992
recovery,6.000250112
recovery,6.002874812
recovery,6.000250112
recovery,6.000166992
recovery,6.000166992
recovery,6.000125082
recovery,6.000125082
recovery,6.000125082
recovery,6.000166060
recovery,6.000291789
recovery,6.000166992
recovery,6.000125082
recovery,6.000166992
recovery,6.000166992
recovery,6.000166992
recovery,6.000125082
recovery,6.000249879
recovery,6.000083173
recovery,6.000415888
recovery,6.000208203
recovery,6.000125082
recovery,6.000207970
recovery,6.000166992
recovery,6.000499940
recovery,6.000124849
recovery,6.000249879
recovery,6.000082940
recovery,6.000207970
